{
  "metadata": {
    "transaction_key": "deprecated",
    "request_id": "88d197b1-6612-460d-ae78-687324fb2287",
    "sha256": "b844724c10a30677e577fabccf14ef133786d9168458db22b011cc5fd8a77198",
    "created": "2023-01-21T12:35:24.113Z",
    "duration": 4.2959375,
    "channels": 1,
    "models": [
      "c12089d0-0766-4ca0-9511-98fd2e443ebd"
    ],
    "model_info": {
      "c12089d0-0766-4ca0-9511-98fd2e443ebd": {
        "name": "general",
        "version": "2022-01-18.1",
        "tier": "base"
      }
    }
  },
  "results": {
    "channels": [
      {
        "alternatives": [
          {
            "transcript": "Python is a high level, general purpose programming language.",
            "confidence": 0.9970703,
            "words": [
              {
                "word": "python",
                "start": 0.25819445,
                "end": 0.75819445,
                "confidence": 1.0,
                "punctuated_word": "Python"
              },
              {
                "word": "is",
                "start": 0.8540278,
                "end": 1.0129167,
                "confidence": 0.99902344,
                "punctuated_word": "is"
              },
              {
                "word": "a",
                "start": 1.0129167,
                "end": 1.2115278,
                "confidence": 0.99609375,
                "punctuated_word": "a"
              },
              {
                "word": "high",
                "start": 1.2115278,
                "end": 1.4498612,
                "confidence": 0.9995117,
                "punctuated_word": "high"
              },
              {
                "word": "level",
                "start": 1.4498612,
                "end": 1.8868055,
                "confidence": 0.99902344,
                "punctuated_word": "level,"
              },
              {
                "word": "general",
                "start": 2.1648612,
                "end": 2.522361,
                "confidence": 0.9980469,
                "punctuated_word": "general"
              },
              {
                "word": "purpose",
                "start": 2.522361,
                "end": 2.9990277,
                "confidence": 0.9970703,
                "punctuated_word": "purpose"
              },
              {
                "word": "programming",
                "start": 2.9990277,
                "end": 3.4990277,
                "confidence": 0.99609375,
                "punctuated_word": "programming"
              },
              {
                "word": "language",
                "start": 3.6743057,
                "end": 4.11125,
                "confidence": 0.9946289,
                "punctuated_word": "language."
              }
            ]
          }
        ]
      }
    ]
  }
}